/*
Navicat MySQL Data Transfer

Source Server         : wsx
Source Server Version : 50162
Source Host           : localhost:3306
Source Database       : security

Target Server Type    : MYSQL
Target Server Version : 50162
File Encoding         : 65001

Date: 2018-09-08 16:57:40
*/

SET FOREIGN_KEY_CHECKS=0;

-- ----------------------------
-- Table structure for sys_permission
-- ----------------------------
DROP TABLE IF EXISTS `sys_permission`;
CREATE TABLE `sys_permission` (
  `id` int(11) NOT NULL AUTO_INCREMENT,
  `name` varchar(255) DEFAULT NULL,
  `descritpion` varchar(255) DEFAULT NULL,
  `url` varchar(255) DEFAULT NULL,
  `pid` int(11) DEFAULT NULL,
  PRIMARY KEY (`id`)
) ENGINE=InnoDB AUTO_INCREMENT=3 DEFAULT CHARSET=utf8;

-- ----------------------------
-- Records of sys_permission
-- ----------------------------
INSERT INTO `sys_permission` VALUES ('1', 'ROLE_HOME', 'home', '/', null);
INSERT INTO `sys_permission` VALUES ('2', 'ROLE_ADMIN', 'ABel', '/admin', null);

-- ----------------------------
-- Table structure for sys_permission_role
-- ----------------------------
DROP TABLE IF EXISTS `sys_permission_role`;
CREATE TABLE `sys_permission_role` (
  `id` int(11) NOT NULL AUTO_INCREMENT,
  `role_id` int(11) DEFAULT NULL,
  `permission_id` int(11) DEFAULT NULL,
  PRIMARY KEY (`id`)
) ENGINE=InnoDB AUTO_INCREMENT=4 DEFAULT CHARSET=utf8;

-- ----------------------------
-- Records of sys_permission_role
-- ----------------------------
INSERT INTO `sys_permission_role` VALUES ('1', '1', '1');
INSERT INTO `sys_permission_role` VALUES ('2', '1', '2');
INSERT INTO `sys_permission_role` VALUES ('3', '2', '1');

-- ----------------------------
-- Table structure for sys_role
-- ----------------------------
DROP TABLE IF EXISTS `sys_role`;
CREATE TABLE `sys_role` (
  `id` int(11) NOT NULL AUTO_INCREMENT,
  `name` varchar(255) DEFAULT NULL,
  PRIMARY KEY (`id`)
) ENGINE=InnoDB AUTO_INCREMENT=3 DEFAULT CHARSET=utf8;

-- ----------------------------
-- Records of sys_role
-- ----------------------------
INSERT INTO `sys_role` VALUES ('1', 'ROLE_ADMIN');
INSERT INTO `sys_role` VALUES ('2', 'ROLE_USER');

-- ----------------------------
-- Table structure for sys_role_user
-- ----------------------------
DROP TABLE IF EXISTS `sys_role_user`;
CREATE TABLE `sys_role_user` (
  `id` int(11) NOT NULL,
  `Sys_User_id` int(11) DEFAULT NULL,
  `Sys_Role_id` int(11) DEFAULT NULL,
  PRIMARY KEY (`id`)
) ENGINE=InnoDB DEFAULT CHARSET=utf8;

-- ----------------------------
-- Records of sys_role_user
-- ----------------------------
INSERT INTO `sys_role_user` VALUES ('1', '1', '1');
INSERT INTO `sys_role_user` VALUES ('2', '2', '2');

-- ----------------------------
-- Table structure for sys_user
-- ----------------------------
DROP TABLE IF EXISTS `sys_user`;
CREATE TABLE `sys_user` (
  `id` int(11) NOT NULL AUTO_INCREMENT,
  `username` varchar(255) DEFAULT NULL,
  `password` varchar(255) DEFAULT NULL,
  PRIMARY KEY (`id`)
) ENGINE=InnoDB AUTO_INCREMENT=3 DEFAULT CHARSET=utf8;

-- ----------------------------
-- Records of sys_user
-- ----------------------------
INSERT INTO `sys_user` VALUES ('1', 'admin', '6d789d4353c72e4f625d21c6b7ac2982');
INSERT INTO `sys_user` VALUES ('2', 'abel', '583299e871fe3e6db8d2f98285a721ad\r\n583299e871fe3e6db8d2f98285a721ad\r\n583299e871fe3e6db8d2f98285a721ad\r\n583299e871fe3e6db8d2f98285a721ad');
